{"count":1,"gauges":{},"self":10.1214184,"total":10.5502044,"children":{"AgentResetIfDone":{"count":501,"self":0.00099819999999999987,"total":0.00099819999999999987,"children":null},"AgentSendState":{"count":501,"self":0.0090066,"total":0.049863399999999995,"children":{"CollectObservations":{"count":2004,"self":0.0408568,"total":0.0408568,"children":null}}},"DecideAction":{"count":501,"self":0.3739053,"total":0.3739053,"children":null},"AcademyStep":{"count":501,"self":0,"total":0,"children":null},"AgentAct":{"count":501,"self":0.0029903,"total":0.0029903,"children":null}}}