{"count":1,"gauges":{},"self":38.8432384,"total":39.9363836,"children":{"AgentResetIfDone":{"count":1965,"self":0.0029884,"total":0.0029884,"children":null},"AgentSendState":{"count":1965,"self":0.0239196,"total":0.0835846,"children":{"CollectObservations":{"count":1965,"self":0.059664999999999996,"total":0.059664999999999996,"children":null}}},"DecideAction":{"count":1965,"self":0.997617,"total":0.997617,"children":null},"AcademyStep":{"count":1965,"self":0,"total":0,"children":null},"AgentAct":{"count":1965,"self":0.0079582,"total":0.0079582,"children":null}}}