{"count":1,"gauges":{},"self":34.562630399999996,"total":35.724932599999995,"children":{"AgentResetIfDone":{"count":1776,"self":0.0049949,"total":0.0049949,"children":null},"AgentSendState":{"count":1776,"self":0.022919699999999998,"total":0.0847619,"children":{"CollectObservations":{"count":1776,"self":0.0618422,"total":0.0618422,"children":null}}},"DecideAction":{"count":1776,"self":1.0576311,"total":1.0576311,"children":null},"AcademyStep":{"count":1776,"self":0.0019901999999999997,"total":0.0019901999999999997,"children":null},"AgentAct":{"count":1776,"self":0.0119267,"total":0.0119267,"children":null}}}