{"count":1,"gauges":{},"self":20.6880944,"total":21.3214205,"children":{"AgentResetIfDone":{"count":1052,"self":0.002972,"total":0.002972,"children":null},"AgentSendState":{"count":1052,"self":0.0079901,"total":0.0418794,"children":{"CollectObservations":{"count":1052,"self":0.0338893,"total":0.0338893,"children":null}}},"DecideAction":{"count":1052,"self":0.584486,"total":0.584486,"children":null},"AcademyStep":{"count":1052,"self":0.00099739999999999985,"total":0.00099739999999999985,"children":null},"AgentAct":{"count":1052,"self":0.0019939,"total":0.0019939,"children":null}}}