{"cameraMode":{"drawMode":0,"name":"Shaded","section":"Shading Mode"},"sceneLighting":true,"audioPlay":false,"sceneViewState":{"showFog":true,"showMaterialUpdate":false,"showSkybox":true,"showFlares":true,"showImageEffects":true,"showParticleSystems":true},"in2DMode":false,"pivot":{"x":14.437084197998047,"y":-0.05509185791015625,"z":11.246816635131836},"rotation":{"x":0.11982515454292298,"y":0.056551869958639148,"z":-0.006843238137662411,"w":0.9911676049232483},"size":10.0,"orthographic":false}